-- =====================================================================
-- Wibwab (วิบวับ) — ข้อมูลตัวอย่าง (seed.sql) — รันหลัง schema.sql
--
-- บัญชีทดสอบ (รหัสผ่านเข้ารหัสด้วย bcrypt cost 10):
--   admin@wibwab.com     / admin1234     (แอดมิน)
--   staff@wibwab.com     / staff1234     (พนักงาน)
--   nicha@example.com    / customer1234  (ลูกค้า)
--   paweena@example.com  / customer1234  (ลูกค้า)
-- =====================================================================

USE wibwab_db;
SET NAMES utf8mb4;

-- ---------------------------------------------------------------------
-- ผู้ใช้ 4 คน (admin 1, staff 1, customer 2)
-- ---------------------------------------------------------------------
INSERT INTO users (id, email, password_hash, full_name, phone, role) VALUES
(1, 'admin@wibwab.com',    '$2b$10$vxv9FwH7Oj0/ISRzBMdNZuaJWYjSvnM79jdub0A.oImY20/Op0Nlq', 'สมหญิง รุ่งเรืองกิจ', '081-111-1111', 'admin'),
(2, 'staff@wibwab.com',    '$2b$10$IQUwTES230yF./FCce.louDBjmiB8D217N/XRLtteFoeEhei9bTyi', 'สมชาย ใจดี',          '082-222-2222', 'staff'),
(3, 'nicha@example.com',   '$2b$10$H9uJOE3Ky2sbTLJCvwcUmOBx7icIWbfGmIx1ShWmdZntE.0P4AM9m', 'ณิชา วงศ์สว่าง',      '081-234-5678', 'customer'),
(4, 'paweena@example.com', '$2b$10$H9uJOE3Ky2sbTLJCvwcUmOBx7icIWbfGmIx1ShWmdZntE.0P4AM9m', 'ปวีณา แก้วใส',        '089-876-5432', 'customer');

-- ---------------------------------------------------------------------
-- ที่อยู่จัดส่ง
-- ---------------------------------------------------------------------
INSERT INTO addresses (id, user_id, recipient_name, phone, address_line, subdistrict, district, province, postal_code, is_default) VALUES
(1, 3, 'ณิชา วงศ์สว่าง', '081-234-5678', '99/12 หมู่ 4 ถนนสุขุมวิท 103', 'บางนาเหนือ', 'บางนา', 'กรุงเทพมหานคร', '10260', TRUE),
(2, 3, 'ณิชา วงศ์สว่าง (ที่ทำงาน)', '081-234-5678', 'อาคาร 55 ชั้น 12 ถนนพระราม 9', 'ห้วยขวาง', 'ห้วยขวาง', 'กรุงเทพมหานคร', '10310', FALSE),
(3, 4, 'ปวีณา แก้วใส', '089-876-5432', '123/45 ถนนนิมมานเหมินท์ ซอย 7', 'สุเทพ', 'เมืองเชียงใหม่', 'เชียงใหม่', '50200', TRUE);

-- ---------------------------------------------------------------------
-- หมวดหมู่สินค้า 4 หมวด
-- ---------------------------------------------------------------------
INSERT INTO categories (id, name, description) VALUES
(1, 'แหวน',    'แหวนแฟชั่นหลากหลายดีไซน์ ทั้งเงินแท้และชุบโรสโกลด์'),
(2, 'สร้อยคอ', 'สร้อยคอและจี้ สำหรับทุกโอกาส'),
(3, 'ต่างหู',   'ต่างหูแบบก้านและแบบห่วง'),
(4, 'กำไล',    'กำไลข้อมือและข้อเท้า');

-- ---------------------------------------------------------------------
-- สินค้า 9 ชิ้น (ชิ้นที่ 9 ตั้ง is_visible = FALSE ไว้ทดสอบการซ่อนสินค้า)
-- ---------------------------------------------------------------------
INSERT INTO products (id, category_id, name, description, is_visible) VALUES
(1, 1, 'แหวนเงินแท้มินิมอล',        'แหวนเงินแท้ 925 ดีไซน์เรียบหรู ใส่ได้ทุกวัน เหมาะทั้งใส่เดี่ยวและใส่ซ้อนหลายวง', TRUE),
(2, 1, 'แหวนคริสตัลโรสโกลด์',       'แหวนชุบโรสโกลด์ประดับคริสตัลออสเตรีย เปล่งประกายวิบวับ เหมาะเป็นของขวัญ', TRUE),
(3, 2, 'สร้อยคอจี้หัวใจเงินแท้',      'สร้อยคอเงินแท้ 925 พร้อมจี้รูปหัวใจขัดเงา มาพร้อมกล่องกำมะหยี่', TRUE),
(4, 2, 'สร้อยคอสแตนเลสชุบทอง 18K', 'สร้อยคอสแตนเลสชุบทอง 18K ไม่ลอกไม่ดำ กันน้ำ ใส่อาบน้ำได้', TRUE),
(5, 3, 'ต่างหูมุกน้ำจืด',             'ต่างหูมุกน้ำจืดแท้บนก้านเงินแท้ 925 ดูสุภาพ เหมาะกับชุดทำงานและงานพิธี', TRUE),
(6, 3, 'ต่างหูห่วงสแตนเลส',          'ต่างหูห่วงสแตนเลสน้ำหนักเบา มี 3 ขนาด ไม่แพ้ ไม่คัน', TRUE),
(7, 4, 'กำไลเงินลายเกลียว',          'กำไลเงินแท้ 925 ตีลายเกลียวด้วยมือ งานหัตถกรรมประณีต', TRUE),
(8, 4, 'กำไลหินนำโชค',              'กำไลหินมงคลร้อยยางยืดอย่างดี เลือกหินได้ตามความหมายที่ต้องการ', TRUE),
(9, 4, 'สร้อยข้อเท้าลูกปัดวินเทจ',    'สร้อยข้อเท้าลูกปัดแก้วสไตล์วินเทจ (เลิกผลิตแล้ว)', FALSE);

-- ---------------------------------------------------------------------
-- รูปสินค้า (path ตัวอย่าง — ไฟล์จริงจะอัปโหลดผ่านระบบภายหลัง)
-- ---------------------------------------------------------------------
INSERT INTO product_images (product_id, image_path, is_primary, sort_order) VALUES
(1, '/uploads/products/rng-001-1.jpg', TRUE,  0),
(1, '/uploads/products/rng-001-2.jpg', FALSE, 1),
(2, '/uploads/products/rng-002-1.jpg', TRUE,  0),
(3, '/uploads/products/nck-001-1.jpg', TRUE,  0),
(3, '/uploads/products/nck-001-2.jpg', FALSE, 1),
(4, '/uploads/products/nck-002-1.jpg', TRUE,  0),
(5, '/uploads/products/err-001-1.jpg', TRUE,  0),
(6, '/uploads/products/err-002-1.jpg', TRUE,  0),
(7, '/uploads/products/bgl-001-1.jpg', TRUE,  0),
(7, '/uploads/products/bgl-001-2.jpg', FALSE, 1),
(8, '/uploads/products/bgl-002-1.jpg', TRUE,  0),
(9, '/uploads/products/ank-001-1.jpg', TRUE,  0);

-- ---------------------------------------------------------------------
-- ตัวเลือกสินค้า (variant) — สต็อกตัดที่ตารางนี้
-- มีตัวอย่างครบทุกกรณี: สต็อกปกติ / ใกล้หมด (<= threshold) / หมด (0) / ปิดขาย
-- ---------------------------------------------------------------------
INSERT INTO product_variants (id, product_id, sku, size, color, material, price, cost_price, stock_qty, low_stock_threshold, is_active) VALUES
-- แหวนเงินแท้มินิมอล
(1,  1, 'RNG-001-5-SLV',  '5 (49 มม.)', 'เงิน',     'เงินแท้ 925',           390.00,  150.00, 20, 5, TRUE),
(2,  1, 'RNG-001-6-SLV',  '6 (52 มม.)', 'เงิน',     'เงินแท้ 925',           390.00,  150.00, 15, 5, TRUE),
(3,  1, 'RNG-001-7-SLV',  '7 (54 มม.)', 'เงิน',     'เงินแท้ 925',           390.00,  150.00,  3, 5, TRUE),  -- ใกล้หมด
-- แหวนคริสตัลโรสโกลด์
(4,  2, 'RNG-002-5-RGD',  '5 (49 มม.)', 'โรสโกลด์', 'ทองเหลืองชุบโรสโกลด์',  590.00,  220.00, 12, 5, TRUE),
(5,  2, 'RNG-002-6-RGD',  '6 (52 มม.)', 'โรสโกลด์', 'ทองเหลืองชุบโรสโกลด์',  590.00,  220.00, 10, 5, TRUE),
(6,  2, 'RNG-002-7-RGD',  '7 (54 มม.)', 'โรสโกลด์', 'ทองเหลืองชุบโรสโกลด์',  590.00,  220.00,  0, 5, TRUE),  -- หมดสต็อก
-- สร้อยคอจี้หัวใจเงินแท้
(7,  3, 'NCK-001-16-SLV', '16 นิ้ว',    'เงิน',     'เงินแท้ 925',           890.00,  350.00,  8, 5, TRUE),
(8,  3, 'NCK-001-18-SLV', '18 นิ้ว',    'เงิน',     'เงินแท้ 925',           890.00,  350.00,  6, 5, TRUE),
-- สร้อยคอสแตนเลสชุบทอง
(9,  4, 'NCK-002-18-GLD', '18 นิ้ว',    'ทอง',      'สแตนเลสชุบทอง 18K',     490.00,  180.00, 25, 5, TRUE),
(10, 4, 'NCK-002-20-GLD', '20 นิ้ว',    'ทอง',      'สแตนเลสชุบทอง 18K',     490.00,  180.00, 18, 5, TRUE),
-- ต่างหูมุกน้ำจืด
(11, 5, 'ERR-001-F-WHT',  'ฟรีไซซ์',    'ขาว',      'มุกน้ำจืด / เงินแท้ 925', 650.00, 260.00, 14, 5, TRUE),
(12, 5, 'ERR-001-F-CRM',  'ฟรีไซซ์',    'ครีม',     'มุกน้ำจืด / เงินแท้ 925', 650.00, 260.00,  4, 5, TRUE),  -- ใกล้หมด
-- ต่างหูห่วงสแตนเลส
(13, 6, 'ERR-002-S-SLV',  'S (2 ซม.)',  'เงิน',     'สแตนเลส',               250.00,   90.00, 30, 5, TRUE),
(14, 6, 'ERR-002-M-SLV',  'M (3 ซม.)',  'เงิน',     'สแตนเลส',               250.00,   90.00, 22, 5, TRUE),
(15, 6, 'ERR-002-L-GLD',  'L (4 ซม.)',  'ทอง',      'สแตนเลสชุบทอง',         290.00,  105.00, 16, 5, TRUE),
-- กำไลเงินลายเกลียว
(16, 7, 'BGL-001-S-SLV',  'S (16 ซม.)', 'เงิน',     'เงินแท้ 925',          1290.00,  520.00,  5, 5, TRUE),  -- ใกล้หมดพอดี threshold
(17, 7, 'BGL-001-M-SLV',  'M (17 ซม.)', 'เงิน',     'เงินแท้ 925',          1290.00,  520.00,  7, 5, TRUE),
-- กำไลหินนำโชค
(18, 8, 'BGL-002-F-PNK',  'ฟรีไซซ์',    'ชมพู',     'หินโรสควอตซ์',          320.00,  110.00, 40, 5, TRUE),
(19, 8, 'BGL-002-F-PPL',  'ฟรีไซซ์',    'ม่วง',     'หินอเมทิสต์',           320.00,  110.00, 35, 5, TRUE),
(20, 8, 'BGL-002-F-BLK',  'ฟรีไซซ์',    'ดำ',       'หินออนิกซ์',            320.00,  110.00,  2, 5, TRUE),  -- ใกล้หมด
-- สร้อยข้อเท้า (สินค้าซ่อน + ปิดขาย)
(21, 9, 'ANK-001-F-MIX',  'ฟรีไซซ์',    'คละสี',    'ลูกปัดแก้ว',            180.00,   60.00,  0, 5, FALSE);

-- ---------------------------------------------------------------------
-- โค้ดส่วนลด (WELCOME10 ถูกใช้ไปแล้ว 1 ครั้งในออเดอร์ #1)
-- ---------------------------------------------------------------------
INSERT INTO promo_codes (id, code, discount_type, discount_value, min_order_total, expires_at, usage_limit, used_count, is_active) VALUES
(1, 'WELCOME10', 'percent', 10.00,  500.00, '2026-12-31 23:59:59', 100,  1, TRUE),
(2, 'SAVE50',    'fixed',   50.00,  300.00, '2026-12-31 23:59:59', NULL, 0, TRUE),
(3, 'NEWYEAR25', 'percent', 25.00, 1000.00, '2026-01-31 23:59:59', 50,  45, TRUE);  -- หมดอายุแล้ว ไว้ทดสอบ validation

-- ---------------------------------------------------------------------
-- ออเดอร์ตัวอย่าง 3 ใบ (สต็อกใน product_variants คือยอดคงเหลือหลังตัดแล้ว)
-- #1 pending_payment — แนบสลิปแล้ว รอ staff ตรวจ (ใช้โค้ด WELCOME10 + ห่อของขวัญ)
-- #2 paid            — ยืนยันการชำระแล้ว รอเตรียมสินค้า
-- #3 delivered       — จบงานแล้ว มีเลขพัสดุ และลูกค้ารีวิวแล้ว
-- ---------------------------------------------------------------------
INSERT INTO orders (id, user_id, status, shipping_name, shipping_phone, shipping_address, shipping_postal_code,
                    subtotal, discount_amount, promo_code_id, gift_wrap, gift_message, total_amount,
                    slip_image, tracking_number, paid_at, created_at, updated_at) VALUES
(1, 3, 'pending_payment', 'ณิชา วงศ์สว่าง', '081-234-5678',
 '99/12 หมู่ 4 ถนนสุขุมวิท 103 แขวงบางนาเหนือ เขตบางนา กรุงเทพมหานคร', '10260',
 1690.00, 169.00, 1, TRUE, 'สุขสันต์วันเกิดนะคะพี่มายด์ ขอให้มีความสุขมากๆ 💖', 1521.00,
 '/uploads/slips/slip-0001.jpg', NULL, NULL, '2026-07-11 20:15:00', '2026-07-11 20:18:00'),
(2, 4, 'paid', 'ปวีณา แก้วใส', '089-876-5432',
 '123/45 ถนนนิมมานเหมินท์ ซอย 7 ตำบลสุเทพ อำเภอเมืองเชียงใหม่ เชียงใหม่', '50200',
 810.00, 0.00, NULL, FALSE, NULL, 810.00,
 '/uploads/slips/slip-0002.jpg', NULL, '2026-07-10 14:30:00', '2026-07-10 09:15:00', '2026-07-10 14:30:00'),
(3, 3, 'delivered', 'ณิชา วงศ์สว่าง', '081-234-5678',
 '99/12 หมู่ 4 ถนนสุขุมวิท 103 แขวงบางนาเหนือ เขตบางนา กรุงเทพมหานคร', '10260',
 1290.00, 0.00, NULL, FALSE, NULL, 1290.00,
 '/uploads/slips/slip-0003.jpg', 'TH0123456789', '2026-06-20 18:00:00', '2026-06-20 11:40:00', '2026-06-24 10:05:00');

-- รายการสินค้าในออเดอร์ (unit_price/unit_cost = ราคา/ต้นทุน ณ วันซื้อ)
INSERT INTO order_items (order_id, variant_id, quantity, unit_price, unit_cost) VALUES
-- ออเดอร์ #1: แหวนเงินไซซ์ 6 ×1 + ต่างหูมุกขาว ×2 = 1,690 บาท
(1,  2, 1,  390.00, 150.00),
(1, 11, 2,  650.00, 260.00),
-- ออเดอร์ #2: สร้อยสแตนเลส 18" ×1 + กำไลหินชมพู ×1 = 810 บาท
(2,  9, 1,  490.00, 180.00),
(2, 18, 1,  320.00, 110.00),
-- ออเดอร์ #3: กำไลเงินลายเกลียว S ×1 = 1,290 บาท
(3, 16, 1, 1290.00, 520.00);

-- ---------------------------------------------------------------------
-- รีวิว (รีวิวได้เฉพาะออเดอร์ delivered — ออเดอร์ #3)
-- ---------------------------------------------------------------------
INSERT INTO reviews (user_id, product_id, order_id, rating, comment, created_at) VALUES
(3, 7, 3, 5, 'กำไลสวยมากค่ะ งานเงินเรียบร้อย ลายเกลียวประณีตกว่าที่คิด ใส่แล้วดูหรูหรา จัดส่งไวด้วย', '2026-06-25 09:30:00');
